Time (s);Silence_left;IPU_left;disc_IPU_left;disc_IPU_2_left;disc_IPU_3_left;disc_IPU_4_left;Overlap_left;ReactionTime_left;FilledBreaks_left;Feedbacks_left;Discourses_left;Particles_left;Laughters_left;JointLaugh_left;UnionSocioItems_left;LexicalRichness1_left;LexicalRichness2_left;Polarity_left;Subjectivity_left;Silence;IPU;disc_IPU;disc_IPU_2;disc_IPU_3;disc_IPU_4;Overlap;ReactionTime;FilledBreaks;Feedbacks;Discourses;Particles;Laughters;JointLaugh;UnionSocioItems;LexicalRichness1;LexicalRichness2;Polarity;Subjectivity;x;y;Vx;Vy;saccades;Face;Mouth;Eyes;angry;disgust;fear;happy;sad;surprise;neutral;mouth_AU;eyes_AU;total_AU;Happiness;Sadness;Surprise;Fear;Anger;Disgust;Contempt;head_rotation_energy;head_translation_energy;head_positions;dlib_smiles
0.6025;1.0;0.0;0.0;0.0;0.0;0.0;0.0;0.0;0.0;0.0;0.0;0.0;0.0;0.0;0.0;0.0;0.0;0.0;0.0;1.0;0.0;0.0;0.0;0.0;0.0;0.0;0.0;0.0;0.0;0.0;0.0;0.0;0.0;0.0;0.0;0.0;0.0;0.0;603.8504672897197;562.4018691588784;84.09905639080732;-90.8700167050427;0.0;0.0;0.0;0.0;0.0;0.0;0.0;0.7201728820800781;0.0;0.0;0.0;0.0;0.0;0.0;0.0;0.0;0.0;0.0;0.0;0.0;0.0;0.0;0.0;0.0;0.0
1.8075;1.0;0.0;0.0;0.0;0.0;0.0;0.0;0.0;0.0;0.0;0.0;0.0;0.0;0.0;0.0;0.0;0.0;0.0;0.0;0.5228497925311203;0.4771501961759336;1.0;1.0;1.0;1.0;0.0;0.0;0.0;0.0;0.0;0.0;0.0;0.0;0.0;0.0;0.5;0.0;0.0;669.1928853754947;549.2885375494069;11.338105993385549;-73.4384931838347;7.0;0.0;0.0;0.0;0.0;0.0;0.0;0.6927239894866943;0.0;0.0;0.4677351415157318;0.0;0.0;0.0;0.0;0.0;0.0;0.0;0.0;0.0;0.0;0.0;0.0;0.0;0.0
3.0125;1.0;0.0;0.0;0.0;0.0;0.0;0.0;0.0;0.0;0.0;0.0;0.0;0.0;0.0;0.0;0.0;0.0;0.0;0.0;1.0;0.0;0.0;0.0;0.0;0.0;0.0;0.0;0.0;0.0;0.0;0.0;0.0;0.0;0.0;0.0;0.0;0.0;0.0;609.5498113207545;523.1441509433967;-111.03022432714583;-6.217184834364395;8.0;0.0;0.0;0.0;0.0;0.0;0.0;0.6881002187728882;0.0;0.0;0.0;0.0;0.0;0.0;0.0;0.0;0.0;0.0;0.0;0.0;0.0;0.0;0.0;0.0;0.0
4.2175;1.0;0.0;0.0;0.0;0.0;0.0;0.0;0.0;0.0;0.0;0.0;0.0;0.0;0.0;0.0;0.0;0.0;0.0;0.0;0.6535269709543565;0.3464730290456435;1.0;1.0;1.0;0.0;0.0;0.0;0.0;0.0;0.0;0.0;0.0;0.0;0.0;0.1111111111111111;0.3333333333333333;0.0;0.0;645.971768707483;579.3595238095237;16.601543056247003;5.190393230457752;35.0;0.0;0.0;0.0;0.0;0.0;0.0;0.6571452617645264;0.0;0.0;0.6821801066398621;0.0;0.0;0.0;0.0;0.0;0.0;0.0;0.0;0.0;0.0;0.0;0.0;0.0;0.0
5.4225;0.645065560165975;0.35493407665289384;1.0;1.0;1.0;0.0;0.0;0.5048271133732634;0.0;0.0;0.0;0.0;0.0;0.0;0.0;0.0;0.5;0.0;0.0;0.7738780082987556;0.22612226079668016;1.0;1.0;0.0;0.0;0.0;0.0;0.0;0.0;0.0;0.0;0.0;0.0;0.0;0.0;0.0;0.0;0.0;800.9821561338288;750.7055762081784;261.38045153685886;487.663432768158;25.0;0.0;0.0;0.0;0.0;0.0;0.0;0.7145299911499023;0.0;0.0;0.629133939743042;0.0;0.0;0.0;0.0;0.0;0.0;0.0;0.0;0.0;0.0;0.0;0.0;0.0;0.0
6.6275;0.9937950207468882;0.006205248348547649;0.0;0.0;0.0;0.0;0.0;0.0;0.0;0.0;0.0;0.0;0.0;0.0;0.0;0.0;0.0;0.0;0.0;1.0;0.0;0.0;0.0;0.0;0.0;0.0;0.0;0.0;0.0;0.0;0.0;0.0;0.0;0.0;0.0;0.0;0.0;0.0;616.1848605577692;703.2768924302788;-466.5411130740936;-84.86198494107947;15.0;0.0;0.0;0.0;0.0;0.0;0.0;0.6460127234458923;0.0;0.0;0.46589815616607666;0.0;0.0;0.0;0.0;0.0;0.0;0.0;0.0;0.0;0.0;0.0;0.0;0.0;0.0
7.8325000000000005;1.0;0.0;0.0;0.0;0.0;0.0;0.0;0.0;0.0;0.0;0.0;0.0;0.0;0.0;0.0;0.0;0.0;0.0;0.0;1.0;0.0;0.0;0.0;0.0;0.0;0.0;0.0;0.0;0.0;0.0;0.0;0.0;0.0;0.0;0.0;0.0;0.0;0.0;621.6083623693382;500.18815331010444;-19.796327155816414;-11.020384116882262;12.0;0.0;0.0;0.0;0.0;0.0;0.0;0.6575465202331543;0.0;0.0;0.0;0.0;0.0;0.0;0.0;0.0;0.0;0.0;0.0;0.0;0.0;0.0;0.0;0.0;0.0
9.037500000000001;0.7655319502074676;0.23446806108713847;1.0;1.0;0.0;0.0;0.0;0.0;1.0;0.0;0.0;0.0;0.0;0.0;1.0;0.0;0.0;0.0;0.0;1.0;0.0;0.0;0.0;0.0;0.0;0.0;0.0;0.0;0.0;0.0;0.0;0.0;0.0;0.0;0.0;0.0;0.0;0.0;637.9416666666665;548.5083333333333;0.9557150842987775;-132.83410723164576;10.0;0.0;0.0;0.0;0.0;0.0;0.0;0.7290440201759338;0.0;0.0;0.0;0.0;0.0;0.0;0.0;0.0;0.0;0.0;0.0;0.0;0.0;0.0;0.0;0.0;0.0
10.242500000000001;0.5187004149377589;0.4812995737676352;1.0;1.0;1.0;1.0;0.0;0.0;0.0;0.0;0.0;0.0;0.0;0.0;0.0;0.0;0.3333333333333333;0.0;0.0;1.0;0.0;0.0;0.0;0.0;0.0;0.0;0.0;0.0;0.0;0.0;0.0;0.0;0.0;0.0;0.0;0.0;0.0;0.0;840.764119601329;902.9205980066439;-207.55813953488175;-461.5448504983469;32.0;0.0;0.0;0.0;0.0;0.0;0.0;0.7113780975341797;0.0;0.0;0.0;0.0;0.0;0.0;0.0;0.0;0.0;0.0;0.0;0.0;0.0;0.0;0.0;0.0;0.0
11.447500000000002;0.613993360995851;0.38600657795787136;1.0;1.0;1.0;0.0;0.0;0.0;0.0;0.0;0.0;0.0;0.0;0.0;0.0;0.0;0.5;0.0;0.0;1.0;0.0;0.0;0.0;0.0;0.0;0.0;0.0;0.0;0.0;0.0;0.0;0.0;0.0;0.0;0.0;0.0;0.0;0.0;601.2309236947791;505.4823293172689;62.41878765936746;-38.93512554761093;8.0;0.0;0.0;0.0;0.0;0.0;0.0;0.6929900646209717;0.0;0.0;0.0;0.0;0.0;0.0;0.0;0.0;0.0;0.0;0.0;0.0;0.0;0.0;0.0;0.0;0.0
12.652500000000002;0.5622771784232373;0.4377225470396087;1.0;1.0;1.0;1.0;0.0;0.0;1.0;0.0;0.0;0.0;0.0;0.0;1.0;0.0;1.0;0.0;0.0;0.7303004149377584;0.2697001346058098;1.0;1.0;0.0;0.0;0.0;0.15003299291726968;0.0;1.0;0.0;0.0;0.0;0.0;1.0;0.3333333333333333;0.3333333333333333;0.0;0.0;525.8499999999998;504.82284768211986;6.622516556303244;-1.821192052997696;20.0;0.0;0.0;0.0;0.0;0.0;0.0;0.7250394225120544;0.0;0.0;0.0;0.0;0.0;0.0;0.0;0.0;0.0;0.0;0.0;0.0;0.0;0.0;0.0;0.0;0.0
13.857500000000002;0.5954165975103725;0.4045831333609967;1.0;1.0;1.0;1.0;0.0;0.28000000000000114;0.0;0.0;0.0;0.0;0.0;0.0;0.0;0.0;0.5;0.0;0.0;0.7510373443983411;0.24896265560165884;1.0;1.0;0.0;0.0;0.0;0.0;0.0;1.0;0.0;0.0;0.0;0.0;1.0;0.0;1.0;0.01;0.0;429.3439716312058;1010.0624113475177;-618.7603867288954;-100.5524095683664;10.0;0.0;0.0;0.0;0.0;0.0;0.0;0.652495265007019;0.0;0.0;0.6095529198646545;0.0;0.0;0.0;0.0;0.0;0.0;0.0;0.0;0.0;0.0;0.0;0.0;0.0;0.0
15.062500000000002;0.2572804979253106;0.7427197712033188;1.0;1.0;1.0;1.0;0.0;0.0;0.0;0.0;0.0;0.0;0.0;0.0;0.0;0.0;0.0;0.0;0.0;1.0;0.0;0.0;0.0;0.0;0.0;0.0;0.0;0.0;0.0;0.0;0.0;0.0;0.0;0.0;0.0;0.0;0.0;0.0;359.57873754152826;1252.9508305647842;-362.5213031880937;-145.55999233324175;33.0;0.0;0.0;0.0;0.0;0.0;0.0;0.6517620086669922;0.0;0.0;0.0;0.0;0.0;0.0;0.0;0.0;0.0;0.0;0.0;0.0;0.0;0.0;0.0;0.0;0.0
16.267500000000002;0.0;1.0;1.0;1.0;1.0;1.0;0.0;0.0;0.0;0.0;0.0;0.0;0.0;0.0;0.0;0.0;0.625;0.0;0.0;1.0;0.0;0.0;0.0;0.0;0.0;0.0;0.0;0.0;0.0;0.0;0.0;0.0;0.0;0.0;0.0;0.0;0.0;0.0;-68.33025210084031;1121.6957983193277;-132.0693277310832;-556.6680470265046;19.0;0.0;0.0;0.0;0.0;0.0;0.0;0.6995449662208557;0.0;0.0;0.0;0.0;0.0;0.0;0.0;0.0;0.0;0.0;0.0;0.0;0.0;0.0;0.0;0.0;0.0
17.472500000000004;0.5415311203319523;0.45846858796680384;1.0;1.0;1.0;1.0;0.0;0.0;1.0;0.0;0.0;0.0;0.0;0.0;1.0;0.0;0.0;0.0;0.0;1.0;0.0;0.0;0.0;0.0;0.0;0.0;0.0;0.0;0.0;0.0;0.0;0.0;0.0;0.0;0.0;0.0;0.0;0.0;-143.5453642384107;1204.078476821192;55.58774834438215;251.36589403974997;21.0;0.0;0.0;0.0;0.0;0.0;0.0;0.7503998279571533;0.0;0.0;0.5291218757629395;0.0;0.0;0.0;0.0;0.0;0.0;0.0;0.0;0.0;0.0;0.0;0.0;0.0;0.0
18.677500000000002;0.4232647302904549;0.5767352584232371;1.0;1.0;1.0;1.0;0.0;0.0;0.0;0.0;0.0;0.0;0.0;0.0;0.0;0.0;0.75;0.0;0.0;1.0;0.0;0.0;0.0;0.0;0.0;0.0;0.0;0.0;0.0;0.0;0.0;0.0;0.0;0.0;0.0;0.0;0.0;0.0;530.2300353356891;1322.7837455830386;1044.8417215802356;50.48740967116219;33.0;0.0;0.0;0.0;0.0;0.0;0.0;0.7020423412322998;0.0;0.0;0.47678235173225403;0.0;0.0;0.0;0.0;0.0;0.0;0.0;0.0;0.0;0.0;0.0;0.0;0.0;0.0
19.8825;0.4750846473029046;0.5249150835684645;1.0;1.0;1.0;1.0;0.0;0.0;0.0;0.0;0.0;0.0;0.0;0.0;0.0;0.0;0.0;0.0;0.0;1.0;0.0;0.0;0.0;0.0;0.0;0.0;0.0;0.0;0.0;0.0;0.0;0.0;0.0;0.0;0.0;0.0;0.0;0.0;1003.4739837398378;1143.838211382114;-287.11501135281554;-329.27261407747125;15.0;0.0;0.0;0.0;0.0;0.0;0.0;0.680080771446228;0.0;0.0;0.0;0.0;0.0;0.0;0.0;0.0;0.0;0.0;0.0;0.0;0.0;0.0;0.0;0.0;0.0
21.0875;0.1141269709543554;0.8858732981742755;1.0;1.0;1.0;1.0;0.0;0.0;1.0;0.0;0.0;0.0;0.0;0.0;1.0;0.5;0.8333333333333334;-0.1;0.15;1.0;0.0;0.0;0.0;0.0;0.0;0.0;0.0;0.0;0.0;0.0;0.0;0.0;0.0;0.0;0.0;0.0;0.0;0.0;898.0252475247523;1079.8846534653462;-13.782300754808007;-333.00568571708;11.0;0.0;0.0;0.0;0.0;0.0;0.0;0.7390755414962769;0.0;0.0;0.4843517541885376;0.0;0.0;0.0;0.0;0.0;0.0;0.0;0.0;0.0;0.0;0.0;0.0;0.0;0.0
22.292499999999997;0.5746887966805009;0.4253112033194991;1.0;1.0;1.0;1.0;0.0;0.0;0.0;0.0;0.0;0.0;0.0;0.0;0.0;0.0;0.375;0.0;0.0;1.0;0.0;0.0;0.0;0.0;0.0;0.0;0.0;0.0;0.0;0.0;0.0;0.0;0.0;0.0;0.0;0.0;0.0;0.0;167.7938461538461;1097.212307692308;-589.4241634072168;29.46110386788078;33.0;0.0;0.0;0.0;0.0;0.0;0.0;0.7014451622962952;0.0;0.0;0.4588642716407776;0.0;0.0;0.0;0.0;0.0;0.0;0.0;0.0;0.0;0.0;0.0;0.0;0.0;0.0
23.497499999999995;0.9357037344398325;0.06429653468879841;0.0;0.0;0.0;0.0;0.0;0.0;0.0;0.0;0.0;0.0;0.0;0.0;0.0;0.0;0.0;0.0;0.0;1.0;0.0;0.0;0.0;0.0;0.0;0.0;1.1450340136000001;0.0;0.0;0.0;0.0;0.0;0.0;0.0;0.0;0.0;0.0;0.0;593.1400000000001;542.8228070175434;123.70222519575302;-124.75478243630221;15.0;0.0;0.0;0.0;0.0;0.0;0.0;0.709136962890625;0.0;0.0;0.0;0.0;0.0;0.0;0.0;0.0;0.0;0.0;0.0;0.0;0.0;0.0;0.0;0.0;0.0
24.702499999999993;1.0;0.0;0.0;0.0;0.0;0.0;0.0;0.0;0.0;0.0;0.0;0.0;0.0;0.0;0.0;0.0;0.0;0.0;0.0;0.373472199170124;0.626527789543571;1.0;1.0;1.0;1.0;0.0;0.0;0.0;0.0;0.0;0.0;0.0;0.0;0.0;0.5;0.75;0.0;0.0;616.7986710963461;510.7029900332224;-22.09302325580941;-23.754152823926262;9.0;0.0;0.0;0.0;0.0;0.0;0.0;0.7244048118591309;0.0;0.0;0.5372173190116882;0.0;0.0;0.0;0.0;0.0;0.0;0.0;0.0;0.0;0.0;0.0;0.0;0.0;0.0
25.90749999999999;1.0;0.0;0.0;0.0;0.0;0.0;0.0;0.0;0.0;0.0;0.0;0.0;0.0;0.0;0.0;0.0;0.0;0.0;0.0;1.0;0.0;0.0;0.0;0.0;0.0;0.0;0.0;0.0;0.0;0.0;0.0;0.0;0.0;0.0;0.0;0.0;0.0;0.0;489.8098360655742;721.1963114754099;-147.8569537994355;-254.6596995333779;10.0;0.0;0.0;0.0;0.0;0.0;0.0;0.7048769593238831;0.0;0.0;0.0;0.0;0.0;0.0;0.0;0.0;0.0;0.0;0.0;0.0;0.0;0.0;0.0;0.0;0.0
27.11249999999999;1.0;0.0;0.0;0.0;0.0;0.0;0.0;0.0;0.0;0.0;0.0;0.0;0.0;0.0;0.0;0.0;0.0;0.0;0.0;1.0;0.0;0.0;0.0;0.0;0.0;0.0;0.0;0.0;0.0;0.0;0.0;0.0;0.0;0.0;0.0;0.0;0.0;0.0;398.7827814569538;1029.7039735099338;812.293046357655;98.42715231787727;51.0;0.0;0.0;0.0;0.0;0.0;0.0;0.6919366121292114;0.0;0.0;0.0;0.0;0.0;0.0;0.0;0.0;0.0;0.0;0.0;0.0;0.0;0.0;0.0;0.0;0.0
28.31749999999999;1.0;0.0;0.0;0.0;0.0;0.0;0.0;0.0;0.0;0.0;0.0;0.0;0.0;0.0;0.0;0.0;0.0;0.0;0.0;0.736514522821586;0.2634854771784139;1.0;1.0;0.0;0.0;0.0;0.0;0.0;0.0;0.0;0.0;0.0;0.0;0.0;0.0;0.0;0.0;0.0;660.461209964413;1086.3042704626337;-296.1346954868932;-98.36639302273977;38.0;0.0;0.0;0.0;0.0;0.0;0.0;0.7217928171157837;0.0;0.0;0.0;0.0;0.0;0.0;0.0;0.0;0.0;0.0;0.0;0.0;0.0;0.0;0.0;0.0;0.0
29.522499999999987;1.0;0.0;0.0;0.0;0.0;0.0;0.0;1.0204447627931756;0.0;0.0;0.0;0.0;0.0;0.0;0.0;0.0;0.0;0.0;0.0;0.5747078838174176;0.42529238531121333;1.0;1.0;1.0;1.0;0.0;0.0;0.0;0.0;0.0;0.0;0.0;0.0;0.0;0.0;1.0;0.0;0.0;646.1862068965517;621.574827586207;-232.0710064002009;-531.0803618077516;18.0;0.0;0.0;0.0;0.0;0.0;0.0;0.6519451141357422;0.0;0.0;0.6454741358757019;0.0;0.0;0.0;0.0;0.0;0.0;0.0;0.0;0.0;0.0;0.0;0.0;0.0;0.0
30.727499999999985;0.2721344398340349;0.7278654878894696;1.0;1.0;1.0;1.0;0.0;0.0;0.0;1.0;0.0;0.0;0.0;0.0;1.0;0.0;0.0;0.0;0.0;1.0;0.0;0.0;0.0;0.0;0.0;0.0;0.0;0.0;0.0;0.0;0.0;0.0;0.0;0.0;0.0;0.0;0.0;0.0;633.4148936170212;518.2472340425531;-116.135537892523;-165.8578353538913;15.0;0.0;0.0;0.0;0.0;0.0;0.0;0.7915271520614624;0.0;0.0;0.0;0.0;0.0;0.0;0.0;0.0;0.0;0.0;0.0;0.0;0.0;0.0;0.0;0.0;0.0
31.932499999999983;0.0;1.0;1.0;1.0;1.0;1.0;0.0;0.0;0.0;0.0;0.0;0.0;0.0;0.0;0.0;0.18181818181818182;0.6363636363636364;0.0;0.0;1.0;0.0;0.0;0.0;0.0;0.0;0.0;0.0;0.0;0.0;0.0;0.0;0.0;0.0;0.0;0.0;0.0;0.0;0.0;582.5655629139077;498.2374172185434;116.72185430463426;-6.7880794701927005;6.0;0.0;0.0;0.0;0.0;0.0;0.0;0.7233184576034546;0.0;0.0;0.0;0.0;0.0;0.0;0.0;0.0;0.0;0.0;0.0;0.0;0.0;0.0;0.0;0.0;0.0
33.13749999999998;0.5146887966804844;0.48531095288153453;1.0;1.0;1.0;1.0;0.0;0.0;0.0;0.0;0.0;0.0;0.0;0.0;0.0;0.0;0.0;0.0;0.0;1.0;0.0;0.0;0.0;0.0;0.0;0.0;4.087688963877767;0.0;0.0;0.0;0.0;0.0;0.0;0.0;0.0;0.0;0.0;0.0;602.9308970099665;500.92458471760773;-97.50830564784981;-0.33222591364219595;18.0;0.0;0.0;0.0;0.0;0.0;0.0;0.7397449016571045;0.0;0.0;0.4833642244338989;0.0;0.0;0.0;0.0;0.0;0.0;0.0;0.0;0.0;0.0;0.0;0.0;0.0;0.0
34.34249999999998;1.0;0.0;0.0;0.0;0.0;0.0;0.0;0.0;0.0;0.0;0.0;0.0;0.0;0.0;0.0;0.0;0.0;0.0;0.0;1.0;0.0;0.0;0.0;0.0;0.0;0.0;0.0;0.0;0.0;0.0;0.0;0.0;0.0;0.0;0.0;0.0;0.0;0.0;602.0836734693885;493.4420408163266;136.1595491191474;-85.3090237910296;6.0;0.0;0.0;0.0;0.0;0.0;0.0;0.7494368553161621;0.0;0.0;0.0;0.0;0.0;0.0;0.0;0.0;0.0;0.0;0.0;0.0;0.0;0.0;0.0;0.0;0.0
35.54749999999998;1.0;0.0;0.0;0.0;0.0;0.0;0.0;0.0;0.0;0.0;0.0;0.0;0.0;0.0;0.0;0.0;0.0;0.0;0.0;1.0;0.0;0.0;0.0;0.0;0.0;0.0;0.0;0.0;0.0;0.0;0.0;0.0;0.0;0.0;0.0;0.0;0.0;0.0;623.1431893687707;473.18305647840555;14.576411960112585;-5.440199335547544;14.0;0.0;0.0;0.0;0.0;0.0;0.0;0.7236739993095398;0.0;0.0;0.4590178430080414;0.0;0.0;0.0;0.0;0.0;0.0;0.0;0.0;0.0;0.0;0.0;0.0;0.0;0.0
36.752499999999976;1.0;0.0;0.0;0.0;0.0;0.0;0.0;0.0;0.0;0.0;0.0;0.0;0.0;0.0;0.0;0.0;0.0;0.0;0.0;0.8775842323651674;0.1224160480497744;1.0;0.0;0.0;0.0;0.0;0.0;0.0;0.0;0.0;0.0;0.0;0.0;0.0;0.0;0.0;0.0;0.0;628.2490066225168;494.86754966887435;-33.11258278150292;101.61423841055736;14.0;0.0;0.0;0.0;0.0;0.0;0.0;0.6983861327171326;0.0;0.0;0.4577113687992096;0.0;0.0;0.0;0.0;0.0;0.0;0.0;0.0;0.0;0.0;0.0;0.0;0.0;0.0
37.957499999999975;1.0;0.0;0.0;0.0;0.0;0.0;0.0;0.0;0.0;0.0;0.0;0.0;0.0;0.0;0.0;0.0;0.0;0.0;0.0;0.3381933609958314;0.6618069081327964;1.0;1.0;1.0;1.0;0.0;0.0;0.0;1.0;0.0;0.0;0.0;0.0;1.0;0.0;0.4444444444444444;0.0033333333333333335;0.0;658.3388704318932;568.2617940199336;-25.664451827264376;8.264119601317978;11.0;0.0;0.0;0.0;0.0;0.0;0.0;0.6838619709014893;0.0;0.0;0.528519332408905;0.0;0.0;0.0;0.0;0.0;0.0;0.0;0.0;0.0;0.0;0.0;0.0;0.0;0.0
39.16249999999997;1.0;0.0;0.0;0.0;0.0;0.0;0.0;0.0;0.0;0.0;0.0;0.0;0.0;0.0;0.0;0.0;0.0;0.0;0.0;1.0;0.0;0.0;0.0;0.0;0.0;0.0;0.0;0.0;0.0;0.0;0.0;0.0;0.0;0.0;0.0;0.0;0.0;0.0;523.5731999999999;580.3483999999994;46.717343976771275;-160.8524673439919;10.0;0.0;0.0;0.0;0.0;0.0;0.0;0.6671987175941467;0.0;0.0;0.502387523651123;0.0;0.0;0.0;0.0;0.0;0.0;0.0;0.0;0.0;0.0;0.0;0.0;0.0;0.0
40.36749999999997;1.0;0.0;0.0;0.0;0.0;0.0;0.0;0.0;0.0;0.0;0.0;0.0;0.0;0.0;0.0;0.0;0.0;0.0;0.0;0.6161734439834262;0.3838268364315097;1.0;1.0;1.0;0.0;0.0;0.0;0.0;0.0;0.0;0.0;0.0;0.0;0.0;0.0;0.0;0.0;0.0;721.1219917012451;1049.0659751037344;721.81138654162;223.98473551277596;21.0;0.0;0.0;0.0;0.0;0.0;0.0;0.7697775959968567;0.0;0.0;0.0;0.0;0.0;0.0;0.0;0.0;0.0;0.0;0.0;0.0;0.0;0.0;0.0;0.0;0.0
41.57249999999997;1.0;0.0;0.0;0.0;0.0;0.0;0.0;0.0;0.0;0.0;0.0;0.0;0.0;0.0;0.0;0.0;0.0;0.0;0.0;0.0;1.0;1.0;1.0;1.0;1.0;0.0;0.0;0.0;0.0;0.0;0.0;0.0;0.0;0.0;0.1111111111111111;0.6666666666666666;0.7;0.9;564.8943708609272;626.0360927152318;275.0827814569355;-524.6274834437215;38.0;0.0;0.0;0.0;0.0;0.0;0.0;0.6021531224250793;0.0;0.0;0.700896143913269;0.0;0.0;0.0;0.0;0.0;0.0;0.0;0.0;0.0;0.0;0.0;0.0;0.0;0.0
42.77749999999997;1.0;0.0;0.0;0.0;0.0;0.0;0.0;0.0;0.0;0.0;0.0;0.0;0.0;0.0;0.0;0.0;0.0;0.0;0.0;0.7531311203319258;0.24686914879670807;1.0;1.0;0.0;0.0;0.0;0.0;0.0;0.0;0.0;0.0;0.0;0.0;0.0;0.0;0.0;0.0;0.0;632.0093525179856;513.4014388489209;3.3912651150468296;11.69687114286463;11.0;0.0;0.0;0.0;0.0;0.0;0.0;0.7373499870300293;0.0;0.0;0.0;0.0;0.0;0.0;0.0;0.0;0.0;0.0;0.0;0.0;0.0;0.0;0.0;0.0;0.0
43.982499999999966;1.0;0.0;0.0;0.0;0.0;0.0;0.0;0.0;0.0;0.0;0.0;0.0;0.0;0.0;0.0;0.0;0.0;0.0;0.0;1.0;0.0;0.0;0.0;0.0;0.0;0.0;0.0;0.0;0.0;0.0;0.0;0.0;0.0;0.0;0.0;0.0;0.0;0.0;782.0746987951803;1042.1835341365463;482.70515417790756;-259.4920865965477;25.0;0.0;0.0;0.0;0.0;0.0;0.0;0.7186247110366821;0.0;0.0;0.0;0.0;0.0;0.0;0.0;0.0;0.0;0.0;0.0;0.0;0.0;0.0;0.0;0.0;0.0
45.187499999999964;1.0;0.0;0.0;0.0;0.0;0.0;0.0;0.0;0.0;0.0;0.0;0.0;0.0;0.0;0.0;0.0;0.0;0.0;0.0;1.0;0.0;0.0;0.0;0.0;0.0;0.0;0.0;0.0;0.0;0.0;0.0;0.0;0.0;0.0;0.0;0.0;0.0;0.0;274.8693140794224;1147.4844765342964;-564.1458839853412;94.13284492499811;40.0;0.0;0.0;0.0;0.0;0.0;0.0;0.6958826780319214;0.0;0.0;0.5343690514564514;0.0;0.0;0.0;0.0;0.0;0.0;0.0;0.0;0.0;0.0;0.0;0.0;0.0;0.0
46.39249999999996;1.0;0.0;0.0;0.0;0.0;0.0;0.0;0.0;0.0;0.0;0.0;0.0;0.0;0.0;0.0;0.0;0.0;0.0;0.0;1.0;0.0;0.0;0.0;0.0;0.0;0.0;0.0;0.0;0.0;0.0;0.0;0.0;0.0;0.0;0.0;0.0;0.0;0.0;505.54444444444454;1283.4164874551968;-501.4905334893636;-144.85570886065577;24.0;0.0;0.0;0.0;0.0;0.0;0.0;0.7303711771965027;0.0;0.0;0.0;0.0;0.0;0.0;0.0;0.0;0.0;0.0;0.0;0.0;0.0;0.0;0.0;0.0;0.0
47.59749999999996;1.0;0.0;0.0;0.0;0.0;0.0;0.0;0.0;0.0;0.0;0.0;0.0;0.0;0.0;0.0;0.0;0.0;0.0;0.0;1.0;0.0;0.0;0.0;0.0;0.0;0.0;0.0;0.0;0.0;0.0;0.0;0.0;0.0;0.0;0.0;0.0;0.0;0.0;578.0112956810628;1254.8172757475083;756.1046511627806;-171.7192691029676;33.0;0.0;0.0;0.0;0.0;0.0;0.0;0.6969166994094849;0.0;0.0;0.0;0.0;0.0;0.0;0.0;0.0;0.0;0.0;0.0;0.0;0.0;0.0;0.0;0.0;0.0
48.80249999999996;1.0;0.0;0.0;0.0;0.0;0.0;0.0;0.0;0.0;0.0;0.0;0.0;0.0;0.0;0.0;0.0;0.0;0.0;0.0;1.0;0.0;0.0;0.0;0.0;0.0;0.0;0.0;0.0;0.0;0.0;0.0;0.0;0.0;0.0;0.0;0.0;0.0;0.0;587.0916000000001;1020.5491999999998;-392.32619738747394;-571.9000000000102;31.0;0.0;0.0;0.0;0.0;0.0;0.0;0.7280798554420471;0.0;0.0;0.0;0.0;0.0;0.0;0.0;0.0;0.0;0.0;0.0;0.0;0.0;0.0;0.0;0.0;0.0
50.00749999999996;1.0;0.0;0.0;0.0;0.0;0.0;0.0;0.0;0.0;0.0;0.0;0.0;0.0;0.0;0.0;0.0;0.0;0.0;0.0;0.33815518672202766;0.6618445441493445;1.0;1.0;1.0;1.0;0.0;0.0;0.0;0.0;0.0;0.0;0.0;0.0;0.0;0.0;0.6666666666666666;0.0;0.0;587.1172757475084;520.9485049833891;46.802325581409754;-133.8870431893894;16.0;0.0;0.0;0.0;0.0;0.0;0.0;0.6538918018341064;0.0;0.0;0.5474839210510254;0.0;0.0;0.0;0.0;0.0;0.0;0.0;0.0;0.0;0.0;0.0;0.0;0.0;0.0
51.212499999999956;0.7884099585062212;0.21159003020747086;1.0;1.0;0.0;0.0;0.0;0.5050340136000031;0.0;1.0;0.0;0.0;0.0;0.0;1.0;0.5;0.5;0.0;0.0;0.6825917012447762;0.31740856788385174;1.0;1.0;1.0;0.0;0.0;1.0350113377999932;0.0;0.0;0.0;0.0;0.0;0.0;0.0;0.0;0.0;0.0;0.0;663.6277533039649;576.3295154185025;-93.21659675819404;-141.1152781834913;5.0;0.0;0.0;0.0;0.0;0.0;0.0;0.6229982376098633;0.0;0.0;0.0;0.0;0.0;0.0;0.0;0.0;0.0;0.0;0.0;0.0;0.0;0.0;0.0;0.0;0.0
52.417499999999954;1.0;0.0;0.0;0.0;0.0;0.0;0.0;0.0;0.0;0.0;0.0;0.0;0.0;0.0;0.0;0.0;0.0;0.0;0.0;0.8070448132780473;0.19295546713689446;1.0;0.0;0.0;0.0;0.0;0.0;0.0;0.0;0.0;0.0;0.0;0.0;0.0;0.0;0.0;0.0;0.0;644.6458471760799;1055.9425249169433;61.004983388702;8.098006644526249;46.0;0.0;0.0;0.0;0.0;0.0;0.0;0.742375373840332;0.0;0.0;0.0;0.0;0.0;0.0;0.0;0.0;0.0;0.0;0.0;0.0;0.0;0.0;0.0;0.0;0.0
53.62249999999995;1.0;0.0;0.0;0.0;0.0;0.0;0.0;0.5737626757765426;0.0;0.0;0.0;0.0;0.0;0.0;0.0;0.0;0.0;0.0;0.0;0.4585253112032795;0.5414749579253484;1.0;1.0;1.0;1.0;0.0;0.0;0.0;0.0;0.0;0.0;0.0;0.0;0.0;0.0;0.5714285714285714;0.0;0.0;683.3282352941176;720.7862745098039;-323.36518738703614;-614.2097326519402;14.0;0.0;0.0;0.0;0.0;0.0;0.0;0.6105294823646545;0.0;0.0;0.587446391582489;0.0;0.0;0.0;0.0;0.0;0.0;0.0;0.0;0.0;0.0;0.0;0.0;0.0;0.0
54.82749999999995;0.017626556016637828;0.9823734439198438;1.0;1.0;1.0;1.0;0.0;0.0;1.0;0.0;0.0;0.0;0.0;0.0;1.0;0.08333333333333333;0.6666666666666666;0.0;0.0;1.0;0.0;0.0;0.0;0.0;0.0;0.0;0.0;0.0;0.0;0.0;0.0;0.0;0.0;0.0;0.0;0.0;0.0;0.0;501.7006644518272;1066.0647840531567;-532.8488372093498;26.86877076412463;39.0;0.0;0.0;0.0;0.0;0.0;0.0;0.6804905533790588;0.0;0.0;0.0;0.0;0.0;0.0;0.0;0.0;0.0;0.0;0.0;0.0;0.0;0.0;0.0;0.0;0.0
56.03249999999995;0.5000190871368871;0.49998118199174074;1.0;1.0;1.0;1.0;0.0;0.0;0.0;0.0;0.0;0.0;0.0;0.0;0.0;0.0;0.0;0.0;0.0;1.0;0.0;0.0;0.0;0.0;0.0;0.0;0.0;0.0;0.0;0.0;0.0;0.0;0.0;0.0;0.0;0.0;0.0;0.0;170.5801762114538;1038.4744493392075;-260.09354082041415;-123.12594662470104;18.0;0.0;0.0;0.0;0.0;0.0;0.0;0.763012170791626;0.0;0.0;0.0;0.0;0.0;0.0;0.0;0.0;0.0;0.0;0.0;0.0;0.0;0.0;0.0;0.0;0.0
57.23749999999995;1.0;0.0;0.0;0.0;0.0;0.0;0.0;0.0;0.0;0.0;0.0;0.0;0.0;0.0;0.0;0.0;0.0;0.0;0.0;1.0;0.0;0.0;0.0;0.0;0.0;0.0;0.0;0.0;0.0;0.0;0.0;0.0;0.0;0.0;0.0;0.0;0.0;0.0;877.8594684385379;503.1737541528237;32.18438538209033;13.621262458443793;46.0;0.0;0.0;0.0;0.0;0.0;0.0;0.7248951196670532;0.0;0.0;0.0;0.0;0.0;0.0;0.0;0.0;0.0;0.0;0.0;0.0;0.0;0.0;0.0;0.0;0.0
58.442499999999946;1.0;0.0;0.0;0.0;0.0;0.0;0.0;0.0;0.0;0.0;0.0;0.0;0.0;0.0;0.0;0.0;0.0;0.0;0.0;1.0;0.0;0.0;0.0;0.0;0.0;0.0;0.0;0.0;0.0;0.0;0.0;0.0;0.0;0.0;0.0;0.0;0.0;0.0;639.2837209302326;562.7325581395345;-49.62624584716066;5.8554817275682;11.0;0.0;0.0;0.0;0.0;0.0;0.0;0.716036856174469;0.0;0.0;0.0;0.0;0.0;0.0;0.0;0.0;0.0;0.0;0.0;0.0;0.0;0.0;0.0;0.0;0.0
59.647499999999944;0.4241161825726623;0.0;0.0;0.0;0.0;0.0;0.0;0.0;0.0;0.0;0.0;0.0;0.0;0.0;0.0;0.0;0.0;0.0;0.0;0.46265560165979674;0.0;0.0;0.0;0.0;0.0;0.0;0.0;0.0;0.0;0.0;0.0;0.0;0.0;0.0;0.0;0.0;0.0;0.0;648.3897009966776;511.30365448504955;43.604651162802156;-24.252491694313992;6.0;0.0;0.0;0.0;0.0;0.0;0.0;0.6482623219490051;0.0;0.0;0.0;0.0;0.0;0.0;0.0;0.0;0.0;0.0;0.0;0.0;0.0;0.0;0.0;0.0;0.0
